"Continent","Growth_Percentage"
"Africa",290.4099050397682
"Asia",120.12072490122634
"Europe",13.29781319128484
"North America",90.30763415983597
"Oceania",131.20087144582698
"South America",126.39183549303002
