"Continent","Percentage_2022"
"Africa",17.893603711292595
"Asia",59.21408121127158
"Europe",9.320319091529134
"North America",7.528722428374607
"Oceania",0.5648591608481732
"South America",5.478414396683904
